execution,pair,variant,commands_per_second,p50_ms,p95_ms,p99_ms,max_ms,dispatch_batches,dispatch_average,dispatch_min,dispatch_max,client_log_sha256,runtime_log_sha256
1,1,control,255950,203.501,310.189,358.411,394.605,142,7384.3,1,16384,7d2ec40f41971bfb3a337ab7e0f1f507e0080d5a0dd7678b8e202bb47000c55c,21b2ea1c0f5bf750c10f8959277c9c5faa205963e8524b795209fb10812e5ee4
2,1,candidate,331275,161.181,223.569,253.208,285.597,149,7037.4,1,16384,60e3f5d405f080d61acbd3e2c8e4d6c67ae65d96cb6b2675f5fdf707cb39bab7,3691d4be2541ecbe10e8706c0514f717acc51d7b38c0ac41dbe359b77cdae8ff
3,2,candidate,340707,159.169,217.940,239.534,286.898,143,7332.7,1,16384,b3c5fd87fefcefaa5237add59a9d1d36d05da27516fa239f0ac677a786a3da0e,1c08e41f375fbf5ca2804e7b561baab2e9f00303256d611fcbf8454ae1c6b008
4,2,control,291440,181.099,266.350,343.164,381.901,146,7182.0,3,16384,7e45194a09e8a7efe033dd617cc1ded43b83c5ece10c8dc1ad04dd06ce28baf8,351525dc54720cee39fe5c2829fd50503e1443aa13b5a479bf197cb8b45adec4
5,3,candidate,326792,165.088,232.537,277.035,340.540,133,7884.0,2,16384,26263838d50f5d395ba2b4addb0aaadfd2db3d26aa501049a408aa607acb481f,99e8185a0494bfb9781dbccbdb3713153f78a2699eff166cbd67a479292cb877
6,3,control,279746,189.392,284.050,325.143,377.870,152,6898.5,1,16384,f908a1f88bcd095e4aedd33fe44719391ce43846001a67d918e87ce7ec226237,8e3821249ac9a223b86a326b37ec7a09c8f6cedca30b05d2b366198ca5e52ef4
7,4,control,292349,180.412,278.397,315.634,348.329,139,7543.7,1,16384,841d383239301633da3910bdbb80f6fea20276c8c7b13f493ba9a64c7c29891b,68bfea5c140a14b43986a0db583b04b3ab4237b15dd48399da368c8b2aaf66d9
8,4,candidate,331735,157.956,245.044,270.219,307.918,127,8256.5,1,16384,3c93a17cdba24f93b7082255618f435209f2e37fde80670a27c6b890ba7a273e,489a79941aeb808b097de2741006b6d1c1d136ba838e32b84179a6eef4c63b29
9,5,candidate,321469,160.057,257.456,305.928,368.137,108,9709.0,1,16384,8f27645eeb780a356c898039c5f847fa3c5c0aacba1808628023ea5e05742b95,ba3063f7541c1591957af6a26af69c3132ac2d15fc00619df413535c84bdc517
10,5,control,249268,207.845,363.635,435.573,633.934,115,9118.1,3,16384,23fc0bb97680206721412a4b829c23770e82968c31c0d970ee584af4d0dede3f,5577258cf5a4055e8ee2b1d488e36b8f4d3e2c44574074f3a0e3921b47c8fe7c
11,6,control,277371,193.445,330.523,365.066,385.089,119,8811.6,4,16384,e0bfeb27478a1367678f16feffac19a1260b14787319abf2532440ce92399f8e,4137cf626b5a98ec6e7b7a49d7d00d7f8f461463aee19f9cd5e4845551a586dc
12,6,candidate,335194,161.538,219.206,237.462,261.701,143,7332.7,1,16384,9022d31c783fff544ff23ea54e0d25759326573dcb2ca8b1a51635efe02640d2,d7606e3a097a688cd1a6346d6ca91efa33902336eb247dee93f337365faf9b71
13,7,control,276697,193.421,271.211,307.852,379.451,158,6636.6,1,16384,3ec1f5334b5296cc39c80341e0f555f9f6492aeda0901bff097613b688764644,4309c722f917407a9cf124e428611dcb8d90915572787bfb7b4681f8450eb99d
14,7,candidate,327923,157.887,248.466,318.920,360.706,125,8388.6,1,16384,4312952c8492bb0428a2ce05c132320c09cff517d61d09a069a7164a88bee61d,3bc202f5d81f3a06d66e241b90d6b6810e6d8c52638e5a01ed2b1e114af5d581
15,8,candidate,327047,159.089,257.672,348.510,409.274,122,8594.9,1,16384,200f2cc7b567faf4d8c139b13a40ccdcc4894f2978f039a13aaf7bd591629e7f,020f45950d348c3a374d100db875cc1558dece4f63e5b3ca82980903bcf935e0
16,8,control,280662,193.110,273.579,340.749,381.446,146,7182.0,2,16384,a72d17fd69a43c85d071d1d09aa2aa0da65af0a4150abe104108ad0aa62ae074,93b4e14c3ca592e68cb5d08dc33d198becda04847bf0fe852c0ff59fc2d86401
